id,language
129004176,en
26490481,en
213749122,en
30104304,en
160504245,en
50597026,fr
125387632,en
38594688,en
38746172,en
108268890,en
102845970,ko
156037856,en
64581694,en
164459256,ko
445529741,en
92113890,en
139504995,fr
188890121,ru
36138196,es
638511570,en
61433001,en
32402794,en
16064695,de
135377687,en
15027034,zh-tw
503598254,zh-tw
8641037,ru
21991090,de
107305687,en
29506118,zh-tw
57025612,en
9244832,en
43102846,fr
63493039,en
117783070,en
147337432,fr
26819117,ru
62510206,en
25202416,zh-tw
7010591,en
206506086,en
134766328,ru
81857784,ko
133923936,ko
164234001,ko
24538518,en
56040562,de
135052907,en
219621643,de
148934000,ko
16677765,zh-tw
101939053,de
52839414,en
501538848,es
50686586,en
174955366,fr
9528182,en
28369163,en
57317154,en
44335356,en
92372244,en
131403189,tr
27115917,fr
11692694,zh-tw
128293484,en
9679595,en
114774737,ko
91647183,de
99591839,en
64555493,tr
116298471,en
44396269,en
101936909,en
174592989,en
44338537,en
409760532,en
71672341,en
25604128,en
31545223,de
535010191,it
416031592,fr
74488574,en
69239046,en
10386664,en
55970469,de
88239974,de
89041633,en
107536229,en
67802451,en
115608720,en
59965916,en
45098797,en
410965603,en
50465063,pt-br
25259668,en
97552124,it
36483360,en
119415848,en
138117005,ko
38064706,tr
673571250,en
20508512,en
31239503,en
188614162,ru
30382440,en
104435562,ru
116010031,en
407348709,de
39432884,it
112868442,en
54121470,en
513289543,ko
672482656,en
61212355,en
418704990,zh-tw
106961925,ko
98048949,es
241581961,es
216764258,en
43578182,ru
150436863,it
58352686,de
238141340,ko
142179218,en
276929892,tr
71852533,fr
247808909,en
114119743,fr
106159308,de
241448668,ko
51620555,en
503241464,en
49408183,en
158606982,pt-br
231849482,ru
21390470,en
28565473,en
501535491,en
211024421,fr
22959224,en
76020989,en
32659255,de
522410585,ru
139208197,de
70983974,zh-tw
156748712,ko
60160906,de
132954880,zh-tw
158811448,en
143868710,ko
24306397,fr
23057278,en
171183040,fr
28213443,de
237280557,de
38009333,fr
232372312,ru
471180549,ko
23857542,en
218843935,tr
121228500,en
149188013,ko
69588825,en
241808969,fr
241546561,it
196668687,en
31500812,en
126902046,en
30227322,en
134301181,ko
198461840,fr
198506129,fr
118342490,en
25247111,ko
50127647,en
157636141,de
47250099,zh-tw
43534020,ru
64479508,it
468417934,ru
89890241,fr
190708734,fr
51465465,en
86403736,ko
86879544,en
98561040,es
22877031,ru
32053915,fr
143984866,tr
138143929,ko
634026979,en
58351323,de
31921744,tr
30080751,en
227101767,en
214572684,en
501974713,pt-br
25236843,zh-tw
180258441,en
51978040,en
43334060,de
80731615,zh-tw
116885541,en
63828424,ru
89204267,fr
665701229,en
57993352,es
138094321,ko
267948159,en
124318726,it
146584003,ko
138310362,de
449470373,ru
117084129,pt-br
188490730,zh-tw
54848721,it
165757934,tr
118155820,en
25009441,en
185913819,es
2261919,en
32660551,en
161982841,ko
83257026,ko
26538483,en
41245072,en
77450490,es
195047234,ru
101740476,en
22980711,en
27934574,en
42973421,es
77513372,tr
30661033,en
422106219,de
29157943,de
89047775,fr
179896802,en
21069037,en
48199446,it
268297838,fr
65172949,en
29439819,en
156862667,ru
63736545,de
182144693,en
104632789,en
85206619,pt-br
89349239,ru
64372897,en
683584511,en
120568022,ko
90334727,ru
47573963,en
491980204,es
70924840,en
85959522,en
142797941,en
119497908,zh-tw
118652300,fr
118263259,ru
49223732,es
86681843,es
87791915,ru
41879247,es
57717183,en
120475981,en
143754803,ko
78119719,en
159965232,ko
87207953,es
227499842,ko
31282189,en
169712275,tr
31809543,en
193524374,en
139683021,ko
23852822,zh-tw
84168533,en
39392583,en
111787808,de
183181014,fr
45221641,en
29661191,en
618072117,ko
125521980,de
190146087,en
96772990,ru
680396546,en
143646010,en
133612930,de
225886040,pt-br
190479475,ru
162658813,en
505614602,it
213766674,it
71509335,en
250248894,en
183233336,fr
136371522,pt-br
185398814,ko
103917636,ko
29578325,en
225772624,en
172879061,ko
524297220,ko
39150803,en
47498036,es
20485198,en
38461708,ru
131210325,pt-br
112034182,it
71013219,ko
131727592,en
72112165,en
93207474,pt-br
128856353,en
483733916,de
117972622,de
631453369,it
36626799,en
175865119,en
41800397,en
24634783,en
102780420,es
100438963,zh-tw
119409271,en
446950722,es
39705645,en
188887325,en
632778680,en
29158331,en
633928363,en
79086834,ko
217109907,de
87602262,de
32152294,en
38878346,en
200631673,es
443006955,de
49655919,ko
59016177,en
147866663,tr
523518452,en
136235224,en
148495863,ko
142906751,tr
105946653,en
44536868,en
44281267,de
420966925,de
232838410,en
42932741,tr
172430119,en
408220715,en
48186960,en
59966426,en
43582520,de
538838340,pt-br
571613121,de
439439070,en
140179881,ko
42120234,fr
27631292,en
269017354,ko
449887442,en
44941227,it
40383341,fr
63453024,es
81795200,es
26599617,zh-tw
662638256,fr
42141270,ru
26858759,de
85950164,en
74571203,es
277624494,en
433650680,en
51304190,de
151550066,en
125004301,en
90387538,en
112618532,pt-br
122854486,ru
137884624,ko
231439726,ko
135556026,en
26693897,ru
47627824,en
547819370,en
182779724,ko
93812777,en
43201452,en
41684297,en
7720868,zh-tw
39152815,pt-br
525753861,ru
68771419,ko
247788421,es
136396398,es
207164647,es
189755167,en
79918954,de
84224394,de
137273639,en
102213243,ko
236080157,en
20555157,en
44741426,en
176579525,de
678350139,zh-tw
152088629,fr
39704463,en
141490402,fr
95645837,ru
592719791,ko
427703203,ko
58195781,en
411085629,en
502329433,it
57116735,ru
133995047,en
544780041,ru
156710981,ko
229059797,en
437841638,en
160254620,ko
514508454,en
81832690,en
53771033,en
244731172,es
37278046,zh-tw
232672264,en
252726278,es
52215959,ru
85756815,it
190531337,ru
123364886,ru
126051617,en
539437661,ru
620828107,en
195007466,pt-br
92200129,de
150716625,fr
21629925,en
42508038,en
75891532,pt-br
153437050,en
41229504,ko
231579912,es
46858028,en
79226862,ko
54739364,en
144957238,en
451374597,zh-tw
142424701,ko
151967512,en
147767846,it
133234852,pt-br
30141561,zh-tw
61783649,en
129039601,pt-br
478839328,ko
36797764,en
65906624,en
29183589,en
86219103,de
138689767,ko
150761874,pt-br
170547313,en
32212533,es
86266216,en
641708408,it
121445595,fr
47179419,fr
133850478,ru
40768679,en
74722038,ko
23518699,en
105623158,en
180820250,en
168410199,en
7832442,en
85027055,de
72932965,it
158939016,de
94432456,en
57938681,pt-br
577364308,ko
36848497,en
54463322,ru
423621850,ru
128712028,en
488631075,it
91305522,de
146230147,it
54730946,en
26656197,en
69129511,ru
19482110,en
32322994,es
191256374,zh-tw
145178632,ko
673510771,ru
49824597,tr
48350819,en
265735182,en
92858368,en
40974672,ru
528988061,tr
113058762,es
81762924,ko
202748421,de
504407573,en
68336635,en
519791663,en
20090948,en
95671295,en
460692772,en
627738925,es
248753372,ru
83030545,fr
54185820,en
72948663,fr
76903277,es
279423186,en
400412359,tr
72756540,en
453535398,de
476643128,en
111799555,en
57880988,en
38779717,en
122881889,en
67465665,en
75348273,es
86423368,zh-tw
208185912,ko
14824099,en
67052861,en
84639976,fr
464843305,ru
13460644,en
31265359,ko
473365648,it
118787650,pt-br
72960162,pt-br
86729677,fr
99625250,es
106899838,en
102584165,de
157080488,tr
38970506,en
75137783,de
471398124,en
22186763,en
143123320,de
143685068,ru
218121751,en
162278307,en
23990242,en
62339649,en
76752131,ru
167413849,en
499773430,de
69183831,en
579838440,de
144485229,ko
168547237,en
165466378,de
166312452,de
41382559,en
56680513,es
454980215,en
645085455,it
82173521,it
42219929,es
153036354,ko
124491706,es
508525027,ru
22739676,en
36143129,en
60781881,zh-tw
183741582,en
134945244,fr
232340058,en
26215339,ru
605221125,es
38970815,ru
76084292,en
132485963,en
87822995,en
95304188,en
115141884,en
129003911,en
179481238,fr
27446517,en
59151511,en
180550276,en
122468839,en
29530816,en
122754132,ko
67811113,ru
174805181,pt-br
163078212,de
90299558,ko
429533286,ko
146502384,en
267099392,en
50815446,en
449537260,en
110655027,en
500763400,de
202601041,en
110078003,fr
493160350,pt-br
228296361,en
88198553,en
32487456,en
446409038,it
414653932,de
224037760,en
89919564,es
83180882,en
175503821,de
467801361,en
68281787,de
98817962,ru
76258299,en
451975624,it
199636758,fr
60039261,en
79792848,en
407510247,en
85931319,en
239545102,en
129342719,en
45030430,en
124327487,pt-br
64965465,fr
135957425,en
412308985,it
135806030,en
200723433,es
139024449,fr
155874595,en
124021995,en
108507500,it
658556432,en
139125840,en
47154583,es
179156165,tr
26027297,en
440665861,en
148002369,ko
149584843,ru
133356810,tr
265426678,en
139144469,en
149988048,de
71313548,ko
254936962,de
37762438,en
278449108,de
179016375,en
427382321,en
427803367,en
498702559,en
92463701,it
504150342,en
42061614,en
169827251,en
499199374,en
39124807,en
32718606,en
675980762,ru
136272618,pt-br
269565123,tr
672062488,de
147908193,en
48465437,en
106013742,en
22596190,zh-tw
116311210,ru
32184566,ru
25270623,en
102529633,tr
165897730,de
109341125,en
74537554,de
117011503,fr
96150478,ru
662145396,de
100288864,en
108609171,es
541028234,ko
130802381,ru
80352893,en
158279505,ko
44054511,en
239962994,en
682961630,zh-tw
409636318,tr
503369631,en
466408826,en
262490786,es
104781313,en
187691918,en
72318357,en
73615346,fr
428815192,en
246654976,zh-tw
247692826,de
93481031,en
49763949,tr
681164015,en
678924499,ru
63825346,ru
432857248,fr
83036580,fr
509624095,en
609887708,fr
140175340,ko
219794816,ru
97306968,en
174271195,ko
415863463,de
504529238,es
475055530,ko
470479780,de
31441995,en
547378744,fr
43419527,es
85034121,fr
465979384,ko
522488619,en
557724856,en
64713287,en
412571101,es
126454938,tr
54022049,en
46201261,en
109593463,zh-tw
49456129,en
42971110,de
212231863,en
145459276,en
500001586,fr
276552680,tr
158007604,it
74510447,pt-br
220105482,tr
36196174,de
44991151,en
85930447,fr
22121645,en
492902843,es
79911474,en
83821051,en
93489181,en
155915280,en
97633567,de
59804049,en
41967273,en
271313368,ko
41687919,en
539477737,fr
490374023,tr
611497474,fr
452233330,en
51098900,es
427332118,ru
254223937,en
482900466,en
660190669,en
654556126,en
140116025,ko
615499662,fr
129587539,pt-br
564003903,fr
531964720,es
664897436,pt-br
591776392,es
404662974,en
467963470,en
608988731,es
99980069,en
151850527,ko
62814828,fr
47148210,fr
129163519,fr
522505115,en
186540924,es
199675591,it
256161092,en
439510172,ru
116595307,tr
63256034,tr
54041313,en
123983762,en
118882230,en
71344810,en
49636294,es
32625784,de
49035758,fr
41719107,fr
622545020,de
463836611,tr
685554894,en
171084503,en
685338680,en
224376932,en
533782740,de
649980052,tr
130968411,ko
428955456,ru
477927724,en
272043050,en
631111052,en
188156769,en
442374416,ko
60014569,en
140746824,en
87805484,fr
144477379,en
442996491,es
493080318,en
23714304,en
24811779,en
454664618,en
682758390,en
195310573,ko
487915979,en
112167340,ru
580697107,ko
98960305,zh-tw
519746704,en
518093389,en
432426646,en
644985825,fr
147696216,ru
616819701,it
86108308,en
38167015,en
515044370,ru
485750315,en
505798243,es
624797983,en
500295716,fr
142156879,en
684616795,en
139084092,es
146545843,ko
26510006,it
20650721,zh-tw
228670021,en
133605792,en
176919594,en
628967771,en
447779455,it
37738094,en
178523508,ko
197526054,en
642716024,es
4690440,zh-tw
177396557,fr
670200047,en
96022899,fr
26202775,en
139027213,en
157053493,fr
37438876,en
72906367,es
40860651,en
106829863,en
131496667,en
145021167,en
109054164,en
27306499,en
254151744,en
168178664,pt-br
120036289,en
81423079,en
134028817,ko
94920443,tr
37522866,en
48946894,en
37402112,en
415513756,en
439826451,en
42415435,ru
95793204,ru
32944300,ru
220930843,ru
53657951,ru
498609563,ru
123782776,en
72256775,en
68594999,fr
84886230,fr
118241089,en
141679818,en
257497060,en
94528132,en
43028909,en
153176290,en
22932685,en
428951019,ko
29829912,en
536083731,ko
114170206,en
73114442,de
89737232,ru
159974499,ru
105244994,ru
22814674,ru
43899589,ru
116447563,ru
56304526,es
32428080,es
142167044,es
72550899,en
45044816,de
178154897,es
24138907,en
88084663,en
64949289,de
99121518,de
147734961,pt-br
254756234,en
150989534,zh-tw
64855800,zh-tw
19395644,en
29396564,en
576114251,fr
100630863,tr
49914195,en
81760130,ko
60672785,en
48657219,zh-tw
100544756,en
28991003,en
225138277,ko
60978448,en
433185586,ko
134639274,ko
151022403,ru
81478902,ko
137724490,ko
149397653,ko
101572475,de
90516316,zh-tw
473551082,en
12902657,es
147420494,ko
32258140,en
26301881,en
26029516,en
152775882,en
132258917,fr
69616738,en
36440933,zh-tw
29804895,zh-tw
73362563,en
265924246,de
29512470,tr
32375464,en
38005233,es
58728516,en
51956476,ru
53591406,en
61410368,en
63142572,en
83435622,en
122734645,pt-br
16433726,en
64140092,en
26412614,en
108208500,de
2400710,en
62287316,en
439244188,en
178238725,en
402991688,en
87463929,it
29338954,pt-br
98571070,en
82340161,de
107627864,es
27187817,en
112456234,fr
40857595,es
12875057,de
38770961,de
38158532,ru
100138916,ru
48189727,ru
108379924,es
124033438,pt-br
181636240,en
43013974,zh-tw
104087534,zh-tw
106358622,zh-tw
41567638,de
62791493,zh-tw
95473492,en
175175907,ko
196783434,tr
274508467,fr
248388278,ru
173877118,en
96324761,fr
171751692,en
37153714,en
29400754,en
46346234,en
464022560,en
276840792,it
102192603,zh-tw
51229960,en
109157255,en
27992608,en
98742675,en
117583640,en
40656652,zh-tw
119925910,en
104836482,en
68465758,ru
46046475,en
26973975,en
91807948,en
464746847,es
138347708,fr
94849379,ru
25633533,es
109345208,en
157286930,en
50063424,en
160028137,en
219069796,en
63162874,pt-br
187998818,en
31894912,es
22134218,en
39832276,zh-tw
38568005,en
144364987,en
85834498,en
164545160,en
138088505,en
38640167,en
84572819,en
40934651,en
254721700,pt-br
25743612,en
67650991,en
155293895,fr
112273354,ko
99351845,de
134118008,pt-br
98916815,en
114543059,fr
96954144,fr
112017270,pt-br
99648949,es
206865739,en
120619098,en
48919437,de
63602976,pt-br
99401753,en
119149424,tr
15208758,en
139280224,en
569631269,en
167578517,en
147112065,ko
413012469,en
209702413,en
36619478,en
14382096,ru
227780908,en
47972131,en
78116651,en
620835711,tr
278433745,en
97782735,en
496594629,ru
36029255,en
190835892,ko
71092938,en
36511475,pt-br
142055874,en
36481935,en
22346597,es
140772558,pt-br
26610234,en
78131255,en
485855940,zh-tw
40336240,en
86277097,ru
70075625,ru
26991127,en
103825127,ko
213748641,ru
81687332,en
151283108,en
103440455,ko
128149102,en
31688366,en
112815892,tr
21841789,en
36513760,en
72977645,ru
38121996,de
24765850,zh-tw
26779624,zh-tw
44424631,en
561062793,en
159785521,es
52349411,fr
96564203,es
56649026,en
52650914,it
10180005,en
154425624,en
66375105,ko
85652487,es
471811595,es
44390855,en
209139976,tr
68018147,tr
59308271,en
39154778,ru
112822444,en
81737198,de
148057505,ko
106026618,ru
48437708,en
46780407,de
660006987,pt-br
155642616,tr
120627272,de
236507843,it
459331509,es
103861159,ko
154526718,en
166079347,ko
102381201,ko
138686063,ko
35980866,es
407837457,fr
122887284,en
49045679,ko
182427515,de
53065331,it
54319112,es
44099416,en
39775590,en
624794688,es
30904062,ko
30357893,es
138542600,ko
48865821,de
31557869,en
29565445,de
30623831,en
36324138,en
141278593,ru
40110994,es
132850171,de
492854165,en
41652,en
30504119,en
39692658,es
98506045,en
42814514,es
44407373,ru
112983233,ru
62989856,fr
431220960,ru
31089858,ru
228371036,pt-br
12731745,en
143759910,en
135177864,de
48286022,en
55933037,it
117348035,zh-tw
193531341,pt-br
48870826,de
115657971,es
431460701,es
643710164,en
30777889,en
147090450,ko
37047104,en
38708489,en
125093246,en
199046842,es
166713016,en
474808619,en
109193436,de
131215608,fr
45822345,de
61021309,ru
572866502,pt-br
167100879,es
52803405,fr
25684280,zh-tw
69824993,en
40784764,de
45329736,es
240277531,es
46834933,ko
71040143,en
65539427,tr
71467481,de
29036519,en
26857029,pt-br
31291480,es
65876095,es
170823058,ko
74426799,es
641281044,ru
58753574,es
28575692,fr
38024128,en
26707784,de
27107346,en
36259794,en
237872364,ru
62356185,ko
35936672,es
28252159,en
36957278,en
23945610,en
48082917,en
86420656,en
117323707,fr
89389801,it
55898523,de
81446331,fr
572772733,en
411377640,en
182560660,en
259694951,ko
66272442,en
36177185,en
412082538,es
165295605,ru
153314610,en
195166073,ko
419496016,ko
63747048,ru
127402380,en
41783889,pt-br
20567961,en
35788650,fr
16995144,en
143679319,en
172172508,tr
122582895,en
238108646,es
455539408,en
413091457,it
112702339,en
224081471,en
126595970,zh-tw
117031241,fr
63197750,en
25084072,en
94854762,pt-br
92176861,en
177265844,pt-br
574802385,fr
28990891,zh-tw
108353322,en
496970086,en
65411398,ru
275644615,ko
88301612,fr
95660365,de
104655406,en
48731544,ko
123938689,en
144354306,it
179346610,ru
104477229,fr
85956078,en
26764651,de
82032862,de
204482134,de
63614185,ru
44162266,ru
108547363,it
102680338,en
75701802,fr
42546908,en
124304147,en
45278859,en
211381187,en
148495649,en
80216715,es
88957496,en
86126056,ko
110345640,ko
75999663,it
137753119,ko
401894839,de
49303276,en
102440358,en
91137296,en
493876689,en
61241353,en
45821367,es
501451345,en
147093978,en
188300205,fr
84016053,en
114968501,ko
525341327,it
32171655,pt-br
81441754,ko
39298218,en
51633358,pt-br
104256316,ru
113917705,en
51929371,en
170869845,zh-tw
147081554,en
40335286,ru
46645300,es
239474978,en
31556569,en
212737350,it
575443101,en
456798977,zh-tw
514457856,ko
68170241,tr
579466207,es
175779148,es
478707375,ko
136382961,zh-tw
25093116,en
49261047,en
146728026,en
36061968,es
41665974,ru
36974451,en
183651812,ko
112094449,en
125973453,ko
210014596,pt-br
101277445,tr
140714397,de
217354483,en
586374628,es
149456095,en
674570414,en
167729977,tr
68816918,it
43030068,it
571785077,en
95032018,en
196665069,es
169703688,es
577606762,es
98578318,en
185072381,en
462407178,en
156432081,ko
107590072,en
70983894,fr
141957188,en
84240904,fr
83332770,it
62651386,ru
118956645,it
172393350,es
21080562,fr
94714426,fr
123131262,en
23735582,en
87568138,de
462169005,pt-br
178505082,pt-br
137952594,ko
87875017,en
113080650,fr
153518056,de
115821061,it
88217136,zh-tw
38890428,de
419361050,en
468031986,ko
198860406,ko
130433306,ko
38378829,de
87184624,fr
133896185,en
250392292,it
159365205,en
148393319,en
522680774,fr
101062697,es
86690831,en
448447092,de
77733194,en
90917536,pt-br
75962614,en
37851229,en
97903976,de
250201188,en
103330370,de
52379691,en
40646018,de
101400190,en
99765615,en
152784600,pt-br
405947210,ko
36413513,pt-br
238794809,es
137538550,ko
39885827,en
67736450,it
30967548,en
126324637,de
256459127,en
30196776,en
62595539,en
51796845,en
39783270,en
170544227,es
465636300,pt-br
137471939,de
39569560,en
39317849,en
37425894,pt-br
28351364,zh-tw
80981775,fr
26008696,es
525718374,en
44132002,en
525315099,zh-tw
43043577,fr
476047710,es
32951395,en
33734881,en
35916854,en
604452183,es
605089383,fr
430980292,en
87423892,en
140872133,en
59331397,ru
642520006,es
427846618,en
90739706,en
246636479,en
198337474,pt-br
195247807,ko
148293779,it
72972661,de
56964879,en
218301998,ru
444850383,en
151519661,en
36009345,de
178434287,ko
79532581,de
427712100,en
464938702,en
55101697,en
265500389,fr
115008194,es
26849594,fr
26302559,en
151637804,en
212167812,it
443735657,en
410044578,es
128035304,ko
39677337,en
25812641,en
134400089,es
57519051,en
209691723,en
406534677,pt-br
24981496,en
138033816,ko
38927816,en
50450455,en
530538825,it
70916413,pt-br
192188954,en
29260188,pt-br
144294896,de
240510403,en
476035137,en
85943836,en
137499050,pt-br
659605316,es
93773199,en
120079562,en
55607419,en
87259080,tr
105472368,en
508990092,en
24070690,en
484315387,en
97892476,en
70878755,en
93449682,it
150066856,en
95932575,ru
20260659,en
137761401,ko
136784171,de
25250565,en
103495737,de
47603866,en
139622567,en
205842531,ko
422911605,es
109306231,fr
463268811,ko
211256106,en
137907801,de
419808601,pt-br
138895086,de
448354248,es
71968056,en
45686481,en
47606906,en
152463923,es
184881349,it
54525106,en
419619583,en
85860111,en
63179445,de
187556770,tr
27765748,en
142603695,tr
208953352,en
150352604,fr
26306692,en
112327448,en
150814235,en
264727777,en
436730882,it
497299779,pt-br
429442572,en
117529335,en
407703867,it
72213818,en
54401491,en
213496523,tr
126168826,ko
49344422,es
43410417,de
24208138,en
467506507,en
219481943,ko
559482129,en
159910521,en
134741970,en
118288907,tr
54681827,de
477686769,de
55664807,zh-tw
101320368,en
70520787,en
106245709,ko
156440000,es
112610505,ko
181650251,en
149354845,en
124985697,en
43298229,de
51913206,en
46571894,en
74596039,ru
42316376,ru
192376620,ru
65583390,ko
561607786,en
75131570,zh-tw
28638761,pt-br
228598214,es
137612832,ko
101020771,de
116778950,en
38486587,tr
71521770,ru
67479479,de
48478258,en
111045473,ko
156467213,es
43993381,fr
472752044,es
98814305,en
19369850,zh-tw
36316455,zh-tw
40693942,fr
58839113,en
158388504,de
71679241,de
121691731,en
93869876,en
182867055,en
268111820,tr
230454030,zh-tw
27954235,ru
139114048,es
49539728,en
21331655,en
79297907,en
128658231,ru
55935171,ru
43564820,ru
30685416,es
30070692,en
401398068,tr
176426110,ru
51486023,en
125260461,fr
41372534,de
403242361,en
45952312,en
40266934,es
38865198,en
36805559,en
276821855,fr
40653495,ru
82388424,en
79075908,de
41726922,en
36198475,pt-br
51999585,tr
139887547,fr
145641793,de
144750714,en
137724663,ko
151249156,ko
117361206,ko
84845363,en
44390788,en
446810993,de
36945314,en
26290555,en
61519248,es
74051603,fr
73868748,ru
70088956,pt-br
77208443,pt-br
427412996,es
103588982,es
96161253,pt-br
123484627,en
257805311,es
18808579,zh-tw
24705912,zh-tw
467031116,ru
124900389,ru
38438547,ru
28703999,en
183819202,en
37547034,fr
108107800,ko
269350061,en
414723791,en
39393023,en
63428584,en
449793861,tr
117385099,de
26766376,zh-tw
56097532,fr
105218968,en
198409016,en
272748387,en
474500269,en
155429315,en
636168890,en
170347275,ko
145202260,tr
193068215,fr
453514746,ru
50623093,tr
238184779,fr
114772787,es
407388596,fr
633100619,de
160224674,ru
76284681,it
14891712,en
53567674,es
45878070,es
36140157,es
88230429,es
30286648,fr
277445885,de
24713999,en
163303558,en
143241715,de
139345001,ru
73120205,de
422481048,tr
185606612,en
48660027,en
7093315,en
25690271,es
66363279,en
483194031,en
48997372,en
72295817,en
84021070,fr
181259499,en
429483815,tr
102205475,en
176024113,tr
136366909,en
137724090,ko
60177334,ru
506779979,en
62638609,es
492327183,en
415068073,en
144488507,it
52614128,pt-br
156465245,pt-br
198526806,it
415731592,it
18466131,pt-br
41820329,en
168568972,ru
52172280,en
35999968,es
91904368,en
39894746,en
171821579,ru
25753058,en
132190230,en
20443049,en
116228390,en
121510236,es
52028814,en
38244180,en
652498513,en
23161357,en
207813352,en
68246485,en
155601320,fr
3389768,en
40063341,fr
67931625,de
51496027,en
199811071,es
502014446,pt-br
233300375,en
213104821,en
89284114,fr
6768122,tr
48878319,es
177249859,tr
30079255,en
123922797,es
77827128,it
75830338,it
245226810,es
40488774,ru
138111494,tr
51270104,en
32787655,en
103268673,en
264708119,it
182714869,es
504350,en
135468063,fr
82197170,en
28579002,pt-br
94875296,en
19942092,en
14371185,en
270186408,es
42490770,en
137347549,fr
320878,en
81432617,fr
39115143,es
59168409,en
143726713,en
48389176,en
160489367,it
136925660,fr
610935997,es
117349875,en
183495243,es
1423946,en
173066877,fr
95873995,en
110690086,en
23528098,en
120679071,en
68950614,ru
427632467,en
109492660,es
158409957,tr
38287412,tr
82387889,de
579785040,es
500128827,en
73779954,en
21431060,de
260722430,en
45139193,it
59635827,en
109809539,en
180671441,en
85875635,en
56514218,es
188455270,en
101448647,es
121555768,it
48340211,pt-br
110119637,fr
409624608,en
38499199,it
91136321,es
137089044,es
230768385,ru
682444350,en
257049727,tr
36810911,de
82896213,en
144798294,de
94908847,en
133528221,es
23097521,en
134927899,tr
94055227,es
70880222,en
26241991,en
64638702,en
50876702,de
113537067,de
18587270,en
114523872,en
62154099,fr
503630305,de
35828637,fr
92271663,en
181224914,en
246450563,en
237687661,tr
60796327,en
80993076,en
18074328,en
96812687,it
61974931,de
121111915,en
246532465,pt-br
408882505,es
40397064,en
181713478,it
37175851,en
91135465,en
23179441,en
41568677,en
29214396,de
4102418,fr
431146848,es
27586515,en
35076943,en
98099061,en
214560121,en
31532143,en
415954300,en
25871845,en
100815219,en
143357760,en
38852102,en
60521449,en
132289488,it
163491827,en
178506969,en
10397006,en
128440061,en
48533154,en
198394486,en
196005456,tr
105458682,en
522483254,es
85473107,fr
104329750,tr
135558945,en
20992865,en
11524494,de
165271252,en
25736477,en
114037984,ru
477294350,en
57608231,pt-br
114150644,en
50795214,fr
8522534,en
38718052,en
26144032,fr
130447455,en
24991333,en
71031406,en
24666044,en
665575600,pt-br
21379187,en
108948694,es
244407024,en
94760606,fr
21802540,ru
29753247,fr
47954096,en
35893764,de
35991862,en
75316677,es
78567532,de
31443685,en
120244187,en
48243045,en
31457014,en
28640725,en
136494286,it
179144678,it
443654989,pt-br
136189230,pt-br
16689163,en
121652526,fr
168116110,fr
128268757,es
195675197,en
130962899,es
26464160,es
50881182,en
81463115,en
35824977,en
170079505,es
502277438,de
238185092,en
61292850,en
544502795,en
63985840,fr
416719291,es
96858382,en
95155668,fr
159782005,ru
31813025,fr
29592923,es
22479463,en
21635116,de
53831525,en
42896693,en
73911501,de
39795492,en
39067173,en
131917576,it
42320398,en
123275679,en
39176440,ru
186633315,en
569342042,en
29491102,en
78397626,en
116882497,de
474535377,ru
645448741,en
106798269,pt-br
273448419,es
40748114,pt-br
114717492,ru
168525296,en
141222256,fr
109778370,it
10114287,en
184325380,es
149220653,fr
71336,en
80177884,en
43725651,it
557148694,en
86058620,en
89486159,en
89600394,it
98518220,es
127040829,ru
63072834,it
563908141,en
47815280,en
79418345,ru
232810438,fr
217868850,ko
623481730,es
116363747,es
118974117,es
144555242,en
49495142,ru
52693304,it
437144416,en
31680543,en
539703465,fr
197490552,es
137716270,en
40299581,es
110298250,en
46021592,en
484499238,tr
53811294,en
60709283,tr
139060194,ko
49413110,de
678061966,en
23184822,en
77913099,en
77148737,fr
366735,en
114366744,en
123843446,pt-br
515489203,en
61713129,en
30463343,en
90989037,en
122262226,es
76441880,ru
405208912,es
473183066,fr
40740351,fr
109163696,it
190428536,pt-br
215968422,en
133220545,en
1518077,en
58782558,en
183714759,en
28036688,en
422033166,it
535945078,it
95046279,tr
57865494,en
463406124,en
46257960,en
415009669,en
477614849,tr
537485946,es
154516696,en
75738685,en
27680990,pt-br
116780430,ru
131342532,it
68062590,es
40980097,en
99584389,pt-br
147747979,en
85094047,tr
50807694,en
155042124,de
142199256,en
84553934,en
43207052,en
177730578,en
14410317,en
127361301,en
680332749,en
72592349,en
52028167,de
30773592,fr
514298099,es
30023985,fr
189561436,es
85439610,ru
70518383,en
94977989,ru
73324511,en
48538184,ru
403058230,ru
36094496,es
41083988,en
268250459,it
37751921,en
431644708,ru
132199022,fr
83000940,tr
217715744,fr
129056154,ru
30274426,en
47485986,en
169558955,fr
663869900,en
503304793,pt-br
261767,en
132563423,en
23874126,en
124640241,pt-br
52070771,en
68124914,es
78787513,pt-br
158089970,en
18362365,ru
53430798,en
127155453,en
30672329,pt-br
241163546,pt-br
55176124,en
45631536,en
192202755,pt-br
181582483,en
81628627,en
506880770,es
560174391,pt-br
25856143,en
25065082,en
50561208,en
28968984,en
63321379,en
40256561,ru
22562338,en
177964931,en
26184492,fr
43197130,en
232397122,en
40245188,de
118250669,it
61438909,en
111082347,it
194676183,en
21565409,es
84161953,es
26671723,en
93857215,en
39459577,en
44365677,en
139967680,ko
120432137,es
125339282,en
596082519,fr
157993775,en
12585713,en
42022015,en
134666774,en
414340123,en
100484450,en
85639630,de
176480198,de
52323512,it
116263317,en
147016458,en
36221636,en
59250665,en
42206347,en
426610738,en
23123883,de
123800771,en
527609844,de
157343059,en
130934443,en
98373759,es
157307265,pt-br
118963149,it
174686079,fr
30458295,pt-br
132900687,de
417581289,tr
123067038,en
36948149,ru
107551531,de
91990032,en
175016526,en
38646632,en
172791993,en
44034733,en
511335872,tr
39501865,en
182962411,en
123721524,en
614580164,en
126436297,en
29528336,en
515610206,it
38682663,en
88169992,en
99606225,en
178513907,tr
77153684,de
142779073,en
425534126,en
121904349,ru
24716782,en
157995168,pt-br
440859737,en
239882716,es
73522739,fr
84719816,ru
111974014,de
30805171,es
102346837,pt-br
587507187,en
275272993,fr
118110732,ru
98652472,en
73735538,en
137604582,ko
55734842,en
136877209,en
458380257,it
39468491,es
202684068,en
55304118,es
442258206,ru
31096023,es
109609395,en
86654766,en
32056209,en
30224721,fr
45922426,ru
55286363,en
631518092,pt-br
470832830,tr
48566375,en
98700118,it
137443502,en
193639721,pt-br
45951681,en
186713738,pt-br
120138407,pt-br
58071115,es
191556021,en
150898104,ru
110926030,fr
53641088,fr
111768177,de
192082941,ru
139848119,tr
164567690,en
49418475,en
411613479,fr
29162057,en
40356212,en
96706929,en
122888997,en
40013673,es
136956829,en
157440062,en
23838963,en
48876235,en
153475752,en
123890760,en
129440913,zh-tw
128544632,pt-br
47924530,en
188490584,en
78077061,en
79658259,en
112205452,en
31207068,en
72700357,en
224764461,ko
147118402,ru
49855925,ru
39048329,ru
48868456,de
79087140,tr
26837669,ko
280282532,it
148023976,it
112423840,en
79202256,en
58486016,en
91494571,pt-br
135103092,fr
43844311,en
120578793,es
99920914,ru
52443328,it
213791159,en
512085578,ru
127730588,ru
44748026,ru
40298003,ru
87574195,de
191518091,en
93936044,tr
38368079,en
105312842,en
53600087,pt-br
437392730,en
179992320,es
46431370,en
429369796,en
110336800,en
569324930,pt-br
157784590,en
97189013,fr
145875996,tr
411712420,it
43246220,en
31595348,en
109765315,it
127443997,es
105351856,en
31723226,en
20696116,en
34862965,en
544340296,fr
260631435,en
79846693,en
119413137,fr
72210831,fr
117481096,en
140400921,en
192472970,en
39249330,en
45912780,ru
452313289,en
41616317,en
272998796,en
70964046,en
38822100,fr
181293545,es
458446806,en
411448125,tr
44784857,fr
92848919,ru
26025898,en
128162420,fr
153697806,de
75373669,fr
451452610,en
201428467,en
460209842,en
100033175,tr
67744347,es
33947304,en
154238168,pt-br
76056108,en
36681836,en
112603671,fr
107404878,en
124403155,fr
104519539,es
88542806,ru
478701870,en
71190292,en
36926489,en
137098928,en
160377301,en
146922206,en
29795919,en
411746363,en
38433240,en
45184940,en
430476278,es
85581832,en
217965779,en
134965839,en
159498717,en
469711093,pt-br
63096750,en
56938961,en
66302775,es
128002336,en
63164470,en
47939440,es
110276214,en
29249710,es
106065411,en
124467333,ko
59131475,es
516217740,en
105584645,en
88208039,pt-br
91465245,ru
138240340,ko
117379932,en
252606559,pt-br
42242477,en
172376071,de
408679510,en
146790215,en
130178840,es
148842622,ko
83635994,en
119253305,en
142726152,en
14293484,en
32905366,en
74505272,en
46945963,en
139778025,en
53671473,en
52959392,en
414507208,en
100625840,es
556576334,pt-br
212744599,en
75645599,ru
56962861,en
47474524,en
523381689,en
30171560,en
94851664,es
204708397,es
20993498,en
147375470,en
71445641,en
31058366,en
143411558,en
96428232,en
63446827,de
412271003,en
32409994,en
79698024,en
41467289,en
63062197,pt-br
116561916,ko
115467657,en
83800753,en
39711157,pt-br
25766032,en
117494163,en
95518828,es
79056527,en
36852565,pt-br
122320584,es
57671040,en
50185928,en
30080840,en
49415591,en
167541104,en
14836307,en
36125736,en
544319470,zh-tw
100700066,en
24198048,en
173687771,en
182531926,en
507150245,pt-br
95462962,en
79137878,en
104479893,it
476394926,ru
646576358,ko
56361303,en
492813264,de
140792340,es
184336761,en
139748304,en
472254606,es
59715723,pt-br
501041739,en
131861345,en
433453866,en
52608045,de
124386057,es
45581909,pt-br
537219718,pt-br
40541068,en
62007425,es
58534131,ko
39646254,en
78903253,en
31038211,en
437396969,en
96061540,en
142145687,en
262969223,ko
247736038,en
38958459,en
252518972,pt-br
100048373,ko
158360593,en
31840313,en
148659546,en
138030712,ko
139466055,en
81578595,en
71308546,es
23446082,en
49130581,zh-tw
132642622,en
44558619,en
38808314,es
53619534,en
263161158,es
164938966,en
39464264,en
26504229,en
147281673,en
519827250,en
128263362,en
39602058,ko
86100905,en
154397342,pt-br
165785,en
98087706,en
157561255,en
115994925,en
97457591,ko
152644858,en
24112133,en
491994170,fr
152005300,en
118385536,en
124667314,pt-br
72736442,en
206990465,en
4666862,en
96738828,en
70941755,en
554463983,en
461913816,en
29363507,en
192182398,en
145808617,ko
18731326,en
593860034,en
135766441,zh-tw
126340563,en
135162278,en
500998376,zh-tw
16371219,ru
508007333,es
128979953,en
46294177,en
278312812,en
130341443,en
127824242,ko
146201683,en
165978292,pt-br
22053765,en
102766788,fr
104410477,en
253262988,pt-br
128637814,pt-br
114402277,en
62663660,en
31506856,en
19797868,en
584499484,ru
638439863,en
89537237,en
41182630,en
63809814,en
26745706,en
228240406,es
128430795,pt-br
193936316,en
485285973,pt-br
109545804,en
597625097,ko
40849006,en
558806680,en
615831818,ru
182999274,pt-br
180352248,en
37644866,en
445357306,ko
20491166,fr
21827001,en
95514628,en
401254399,en
64474392,en
466244213,en
28054687,en
658242959,es
144083435,tr
415006721,es
412283302,es
441659183,en
239467081,pt-br
137218232,en
158636407,en
57386477,en
72957565,en
83428908,en
119850800,ko
225388771,en
32642720,en
97280060,en
150627893,en
8957332,en
108907634,en
95904326,en
45796635,en
63024850,en
55193626,fr
494890622,fr
32648957,fr
43159291,en
106102281,en
254704601,ko
136236691,ko
35750532,pt-br
52277205,en
67311269,tr
146201410,en
159466403,pt-br
458278420,en
133723923,ko
251125971,es
59189213,en
455739128,en
26374918,en
39546824,en
604976770,en
196650765,en
510568501,en
105012569,ko
502612174,en
525706750,zh-tw
74601799,en
78648925,ko
7167763,en
104975526,it
89326666,en
441767469,es
142514479,ko
182526518,en
417598419,en
259975993,pt-br
38687378,en
674654356,pt-br
531366537,es
127830561,es
58703528,ko
218094050,en
205715382,en
224260995,en
126750144,es
43936101,en
115677058,pt-br
151671722,ru
62509579,en
140958679,ko
123061156,es
144180499,fr
47026536,en
37105711,de
27194848,en
103970359,en
517980045,es
185618927,en
409625776,en
102259578,ko
542284628,en
54609642,es
403866136,en
38390312,en
502079466,en
209073845,en
230897522,en
276333127,ko
5305213,en
135675015,en
532597148,en
445123076,en
622972777,de
65895024,en
246178823,de
106718381,de
139016093,en
502791795,en
32303470,en
508333357,en
42297570,en
404557848,pt-br
191906461,ru
40051564,zh-tw
177500112,ru
138038722,en
407819235,it
151009937,de
158034119,en
102282920,ru
170907443,pt-br
107322698,en
146426504,es
596031520,en
28180581,en
39021619,en
518016053,en
218482369,en
189446515,en
45823822,en
187223610,en
109431309,en
194016774,en
108073435,en
98446694,en
81490626,es
62183747,en
64190579,en
62174495,en
679618290,ru
64408020,de
164414896,ru
211942849,en
171515604,en
23703273,en
30707262,en
135339543,pt-br
88719434,en
59712498,en
436673718,en
168705117,en
36043238,en
52907714,en
125841214,en
94985347,en
28344501,en
484613295,ru
530381215,en
46407868,en
115880055,tr
239857817,en
45341986,fr
512497582,es
13766215,en
40327707,ru
172413090,es
679007284,pt-br
130454885,ko
192732191,es
47814097,en
112983827,en
118143393,en
30105209,en
428932318,es
21733581,en
117577939,en
98438803,en
184634287,ru
30220059,en
117573174,en
140582002,ko
109564866,en
504809127,en
532259896,pt-br
69439030,en
441355780,en
269127982,en
158712610,ru
448379286,en
677583928,en
243356119,en
461591958,ko
454954989,pt-br
676197407,pt-br
30518156,en
587384693,ru
195582640,es
57537500,ko
205261379,en
601522057,en
30100714,en
677596318,en
419434087,pt-br
41359132,en
404375488,ko
208261930,tr
89748376,ru
93035729,en
50458933,en
269835621,en
276880819,ru
139709045,en
17206877,en
61839721,en
133911716,zh-tw
255567495,en
132851477,ru
37121843,en
178742065,pt-br
133475452,en
121738453,ko
121203480,en
242243272,pt-br
52647450,en
182906782,en
102293670,en
450012016,ru
112619759,ru
110066407,en
489155160,en
39085783,en
51700007,en
173164131,en
142728478,en
580871560,ru
76385901,en
455993452,en
155748383,es
114340931,en
140001886,en
142918085,tr
30131260,es
410058603,es
219064300,en
62965771,en
87056709,en
117168642,fr
42032495,en
139470326,ko
30816637,en
267215089,ko
44574567,en
530561729,de
138117508,ko
92038375,en
150664679,ko
35884167,de
95603047,de
149496560,ko
506796529,en
470316819,zh-tw
77962388,de
145531975,en
26707340,pt-br
56489971,de
174053656,ru
11561802,zh-tw
251917401,tr
74391737,fr
553011027,it
580466843,en
235693408,fr
97828400,ru
71619324,fr
27255072,pt-br
121565482,ru
84898167,en
114562757,de
461910542,en
195094507,tr
175903345,pt-br
268731435,en
274488567,en
105438356,fr
139489176,de
270611904,es
594926430,en
174375580,en
172782057,it
76036152,ru
628127290,pt-br
90494560,en
678834366,en
267477473,tr
30264374,it
154723532,de
149682636,fr
217240521,ru
63304572,en
112066197,zh-tw
444774238,en
139695853,it
129672531,pt-br
131920252,tr
103865116,ko
485234908,en
130289619,ko
8843899,en
517553027,en
538153763,zh-tw
58573771,es
29483769,ko
93051833,en
270232021,en
26088246,zh-tw
424529699,en
106903504,de
180726259,ko
175611359,it
110876009,ko
218858514,ru
81610702,de
102165527,en
251155917,pt-br
193443628,en
278549463,es
93691073,de
469424637,en
87067909,es
145968575,en
31883069,en
437855019,ko
123075082,it
42745283,en
133928858,es
78666479,en
9173550,ko
158865144,de
496969834,en
71852806,en
24943033,de
49766631,de
187118505,ko
248926175,pt-br
68000893,en
207356702,zh-tw
535336371,ko
536684898,en
30186974,en
268272569,ru
43919115,en
430350421,en
544336017,en
107414209,fr
24253306,fr
48069053,en
411651919,it
465151579,ko
32806281,de
144465431,en
240749408,ko
229306012,en
615620426,ru
50133392,es
429255524,it
124566017,en
510575616,it
178443161,es
157053065,ko
108041070,tr
229458083,ko
479045353,en
37193065,tr
550692304,en
29810567,es
42948075,de
491608952,en
204954129,tr
73192477,en
46591050,zh-tw
131552005,tr
71931636,en
130721420,ko
414015948,de
53607259,en
45915879,ru
45881432,de
83731591,it
36565390,de
137921047,ko
144184457,ko
580550940,en
74351174,fr
67509214,en
424997705,en
98914728,en
209148705,en
466139555,en
32207400,de
140310800,ru
661629582,ru
680796024,en
209787946,en
29103119,zh-tw
37885317,pt-br
39023698,en
62952563,en
477962196,ko
662583843,es
36666407,en
81524048,de
465613748,en
116199723,ko
24818096,en
52366888,it
424828224,ko
191862954,en
174706292,en
464982050,zh-tw
136455415,en
31080309,en
21532585,de
583813711,ko
58873252,en
41930132,ru
412732056,es
466698718,en
136757244,ko
58561651,en
479452642,ko
92690071,ru
216468975,en
97487527,tr
267086754,tr
265087105,ru
178895451,it
30211877,en
566380239,en
61462606,en
472735106,fr
162151864,de
90805634,en
265721063,es
48079936,en
154347688,en
517425385,ko
28283689,zh-tw
152286442,ko
129625799,en
498223618,es
158791947,pt-br
91433897,tr
148736014,tr
130544912,ru
425367946,it
129247188,de
451786566,en
150200441,en
18615783,fr
46701630,zh-tw
126260430,ru
157151351,en
41044567,de
153987488,en
74707525,en
230892124,ru
58828681,fr
42848761,ko
475621112,tr
157963663,de
96457656,zh-tw
53395686,zh-tw
168839920,en
245318169,en
120131814,pt-br
71893221,de
41895110,fr
151029200,de
93179860,en
620563888,en
93049594,ko
50160915,en
50985620,de
178105031,tr
111297998,es
40017619,en
431832981,ko
66370849,es
23844396,en
28541821,en
128335400,en
427268445,es
142954462,en
30814134,ru
151326507,ko
57775220,zh-tw
109652110,de
599041173,en
20483303,en
104157644,en
193257984,fr
80999147,it
88267678,fr
51931241,ru
230301324,en
56301519,tr
499638930,de
88696119,it
247401621,es
121793424,en
82373831,en
412345530,en
148624191,en
99454168,en
44454610,es
540316387,en
683962555,en
528154991,es
684826127,en
96940137,en
104659233,en
37165813,fr
432633086,en
658717756,es
252382642,en
55038335,en
137283875,ru
153596382,it
179597489,de
176269586,ko
51872226,ru
195326003,en
44445798,en
599055682,es
53345189,tr
137922988,ko
32825688,de
99847338,fr
508804467,pt-br
207988328,ko
141452317,en
501734466,ko
48107542,de
147906528,es
426223598,ru
227470294,en
49396168,en
516740400,es
222497376,zh-tw
636342926,es
187669658,en
147174403,en
66250613,en
125834208,fr
141819679,ko
100548776,en
649278049,en
136945433,en
546229903,en
108710212,fr
44096715,ru
104543271,en
547047025,en
504283922,tr
126934509,ko
132538860,en
29673295,it
25492878,en
683370229,en
60334983,en
121433255,en
29128211,ru
193691087,de
402800890,fr
21418793,en
275376518,en
153027216,en
402006016,tr
80145304,en
82826005,en
142506321,fr
496761172,ko
426803884,ko
134770388,tr
27686136,en
137450442,fr
645036452,en
158875619,en
19309473,en
453964771,pt-br
100793155,en
423060007,en
544015779,de
91256328,es
663662948,en
143140193,ru
152191915,it
32238517,en
20608838,en
74854813,pt-br
167830996,pt-br
75325541,fr
63432168,en
407531224,it
188038838,en
422258954,es
109343412,en
524934031,en
473589478,es
537328222,pt-br
421144832,en
152429316,en
100905909,es
4231183,zh-tw
250655167,de
592770858,fr
133764608,ko
84362880,fr
451024164,de
606569882,de
512384897,it
63758697,en
192666468,en
184147110,ru
25924287,en
51694334,en
17858826,zh-tw
59019038,en
122691064,es
41546661,en
91089367,en
87507032,en
432129995,pt-br
141008088,ru
265519073,en
215639111,en
486450344,en
124833441,es
78059925,en
492219683,ko
162957501,fr
601516488,ru
97716686,en
425385501,zh-tw
76735118,en
79594996,es
403478367,en
57781936,en
683735094,en
490245656,en
79769388,de
621319816,en
61812950,en
467340631,es
526644325,pt-br
165478707,es
114132908,ru
539061618,en
149232299,tr
42583390,en
27418458,en
280541454,en
70801500,en
644597699,fr
647885626,en
31736255,en
144395004,fr
197993189,tr
22552479,en
30214074,en
82937586,en
91181983,en
122863474,fr
202927921,en
102715659,es
116000787,en
650020168,en
644489473,zh-tw
51264119,es
232032883,en
22043840,en
179279586,it
533876668,en
87245015,en
56418014,en
53265819,en
77023813,en
101294641,en
91048013,de
432065909,en
485818115,fr
40035700,en
103869274,ru
23798553,ru
277945156,en
430551896,de
53254959,ru
72382928,ru
75016953,ko
679689209,en
128976889,en
29528377,en
174496081,pt-br
133621591,de
46374435,en
26603977,en
75975979,en
102851308,en
38625696,en
18816864,en
152890221,en
143398258,en
84152112,en
500227144,en
90888563,tr
544353667,de
517536651,es
161444554,en
25605761,fr
137914720,ko
505105909,ru
183051236,en
45371944,zh-tw
169057214,zh-tw
18219250,en
171445517,pt-br
267192562,pt-br
437998435,en
209315409,en
164098529,en
152599001,ko
600581140,en
604006117,ru
200677581,en
23275336,en
48914675,en
482044548,en
142549906,pt-br
93593314,es
107988359,en
146550248,en
85986621,es
147195328,en
90661740,fr
113674423,en
171364604,fr
72312037,es
441515350,en
188133710,en
30866055,en
402444761,ru
47681327,de
137298121,es
96560346,fr
245172555,es
134777447,ko
550810681,en
424178500,en
410200411,fr
43183012,it
182801947,ru
220571998,fr
684856395,en
684389206,en
90091619,en
590448974,ko
39373046,en
534503051,en
539034892,ru
520120921,en
475246721,tr
67770460,en
438236737,en
193593110,es
191255489,ko
162665605,tr
148423995,ko
64947004,de
47124404,ru
29309909,en
449199754,es
83232866,es
61257244,zh-tw
40083477,zh-tw
48057752,ru
210983926,en
429201442,it
38974476,de
145209772,en
66076836,en
61243967,de
68376511,de
75860283,en
91904840,de
97245742,en
412813805,en
68375831,en
70110726,de
170939205,es
446543041,es
436563158,fr
96360686,en
191126513,en
228485853,en
31561517,en
93028922,en
553122896,en
22484632,en
57378374,zh-tw
547326451,tr
177146919,fr
79442833,tr
139041475,tr
96116107,es
487330909,de
492063485,en
472476963,en
198434884,en
637344205,en
240460348,en
586801846,de
71588578,de
193270950,en
39850052,es
149727725,en
191144377,en
32085830,en
4794831,pt-br
132083317,en
105887183,ru
21270244,en
109724636,en
151883075,de
147539451,fr
39655944,en
265784997,en
169902659,en
25220420,en
612418652,es
16146075,en
98274770,en
42665223,en
611288548,de
519877181,en
37558817,en
460865820,tr
192434734,en
492897250,fr
651883423,es
39176572,en
523511903,en
531210110,en
485335460,es
456427110,en
136509921,pt-br
611793396,ru
421201105,en
500270648,es
587367019,pt-br
194431028,fr
31021656,de
165962882,es
228846298,es
44106621,en
108523725,fr
101769575,de
38629049,ru
241912819,es
140711251,en
263885120,en
111736667,en
682490268,en
66217456,fr
45190616,ru
255484834,de
50606249,de
103710103,fr
166182151,en
112225893,en
199659989,en
125216434,en
47243696,pt-br
126632539,en
113954840,en
463485082,de
24934483,en
44656294,de
19721626,ru
75319267,en
197044566,en
645398388,ru
178091065,ru
26285618,en
68879855,es
238637522,en
442729976,es
80584722,it
181677239,ru
624837613,en
49474235,fr
481582844,pt-br
81206052,fr
176435448,en
237111171,it
144777936,de
44442348,ru
28402090,en
583312873,pt-br
114856888,en
23549775,en
62983472,en
445887011,es
101214680,en
77090752,en
30271296,fr
24935580,en
674296501,en
30176715,en
188381614,en
29514354,de
29273855,en
96726033,en
65293646,de
69710577,en
81936404,ru
46176210,en
71440174,pt-br
56453119,en
40826049,tr
421736337,pt-br
53617519,ru
94839448,de
31919607,es
27457904,es
424575749,tr
136301003,es
60296546,en
140622614,en
44445592,en
42621483,de
157867122,pt-br
72646713,en
71917070,ru
62658190,fr
57280911,en
146165658,de
247997153,en
68292748,en
108776574,de
75346877,en
165080419,en
52130765,fr
453909753,en
48022358,en
660003898,pt-br
514595736,es
424649607,pt-br
53179957,en
162614098,en
48947783,en
25454398,fr
210485458,es
42177890,en
31747504,en
198833605,en
506769423,fr
94707429,en
156488821,tr
70302631,en
147090915,en
115109639,ru
265706238,it
116888929,en
142582199,pt-br
58577111,en
61491333,de
80474667,de
165648032,en
426028180,de
181041216,en
115090564,en
532473040,en
247269266,en
141429177,en
611082988,de
90608415,en
180830366,ru
192136834,en
157093286,de
115238940,de
57777434,de
28604133,en
25467580,en
616957545,es
116528496,ru
44811367,en
30281925,en
75265753,es
82493955,fr
600593493,es
84935206,en
613442022,pt-br
518105587,de
79916834,fr
404788875,en
197926915,en
113009449,pt-br
48259328,en
485775989,it
273071110,ru
252393390,it
447313383,de
124368186,tr
119040012,en
498364642,en
113525511,ru
99751174,tr
93109827,en
207879899,en
269503217,pt-br
666994347,en
238813810,de
645118591,en
23936415,en
611456265,it
89408007,tr
134609454,en
119638640,en
36318615,fr
140927415,en
227455447,en
478575546,en
94269217,en
112699945,en
664496133,pt-br
563538952,en
670850473,en
124421740,en
464891470,en
608315032,es
249820319,en
673537270,en
41040855,fr
30666848,en
59983904,es
134931057,tr
15554591,en
522937378,tr
37370325,pt-br
160009153,fr
135596479,en
40113225,en
47703889,en
120625204,it
684892514,en
68096475,en
26144028,en
102650694,en
448841993,fr
548658760,ru
54303213,en
447717702,en
189106199,en
36536868,en
424571482,pt-br
48377265,de
533163287,de
141986126,pt-br
613118745,en
22025290,en
679081214,de
123522003,en
278501824,en
61855433,en
133394398,en
13708365,fr
470224575,pt-br
223204596,en
45320647,en
230234996,fr
102735477,en
101198118,fr
105598582,en
156618943,en
161315772,de
635806157,en
144738703,de
655722612,tr
646861315,es
269013831,en
30336876,en
569407200,fr
36191747,en
74072432,de
258512842,en
463086691,en
680515912,de
39801475,fr
273391172,tr
172070107,en
78182396,en
73987082,fr
115921608,en
91462150,en
494880549,en
91200728,en
72871495,pt-br
63356519,es
28552242,de
69592711,fr
501797277,en
57606996,en
66086067,zh-tw
198758477,de
69599769,en
236072637,es
408600663,en
657412053,pt-br
158577991,en
540116601,en
135016449,es
134037766,en
493668985,fr
103104431,fr
47130218,en
412171908,en
180781256,en
89471706,fr
436815633,en
29213580,en
546291081,tr
569121099,en
41487980,fr
150050532,en
608183678,en
114635439,es
143699738,es
24057744,en
603028727,de
43650535,en
115361391,pt-br
74547134,es
505360781,pt-br
87803283,en
492779169,en
44391234,en
22422920,en
236171146,en
70142975,es
204080849,es
545510563,it
404475816,en
535682849,en
675798357,en
11152602,en
122808988,de
539128796,it
119690902,en
125709967,en
96161915,en
91451363,en
35975319,es
177887421,es
74547642,es
271432683,fr
463204522,de
83828553,en
49620437,en
165357469,en
457710230,pt-br
134307776,en
57343830,tr
30889146,pt-br
149278950,pt-br
665964314,pt-br
12725840,en
454544425,fr
421356930,en
64556262,fr
154843490,pt-br
102133075,it
110320392,en
423041512,en
44019612,en
32626463,en
95865289,es
107037524,pt-br
429614703,en
87134227,en
147936883,it
450172317,en
408413662,fr
91483729,fr
509206420,en
599628469,en
404878236,fr
64083240,es
59294375,tr
522271630,tr
60450726,ko
47694770,en
56121892,en
21534457,en
504408605,de
39173262,en
450668880,en
72061353,pt-br
46035253,fr
423999537,pt-br
67261729,en
515238537,fr
142132586,en
12640214,de
677840683,en
185270549,en
592201379,ru
68728634,en
116493788,en
23417509,en
11002670,en
97610047,fr
30131293,en
67805197,es
88803908,en
193548061,en
42108204,en
69129389,pt-br
603899496,it
132642617,pt-br
69498094,tr
110892046,en
29660771,en
511146666,tr
263392353,it
78309483,en
25592987,en
235634967,ko
158043399,ko
86011884,es
411206295,de
501169529,es
238481803,fr
228400642,en
404750409,en
413533510,en
58699480,en
177467367,en
47071880,pt-br
431882702,en
641972806,en
61312447,en
621224165,en
472272947,en
528127240,zh-tw
77140862,en
186924307,en
26954716,en
107992372,en
88607410,en
457124238,en
56625428,en
131439149,en
175870676,en
469749101,es
175163251,ko
169188075,en
133702699,es
144926827,en
140639269,ko
145574736,en
675597696,ru
679184702,zh-tw
210322610,en
484594057,ko
6659366,en
51891532,pt-br
204155002,es
128515235,zh-tw
37853510,en
526250022,es
488639324,en
268314886,en
46029485,en
44960888,fr
71753298,en
44682115,de
147742566,en
72293941,en
507350796,en
72253475,en
89194621,zh-tw
81033995,en
20087878,en
189352834,ko
113563121,de
678282822,pt-br
638719711,en
154300418,en
174319057,en
50872216,en
190415415,ko
210175483,de
418157079,pt-br
65311054,en
424693141,ru
265534270,pt-br
76454012,en
101735242,en
440229923,fr
42281668,it
421352709,ko
36181442,en
24203432,en
477061010,en
616054000,en
76969852,en
582102994,ko
91597299,en
418512949,en
593239868,en
69696883,en
155817940,ko
77840050,en
245552629,it
28194376,en
271083975,en
119534481,zh-tw
451779370,zh-tw
611256342,ru
148140136,ko
154452148,en
28649581,zh-tw
498501291,en
171821664,en
23822990,en
13326547,en
530503592,zh-tw
179375615,en
196475653,en
119626447,fr
462383035,ko
23502707,ru
106710521,en
129108719,es
115400814,ru
93549215,en
558097474,en
57113906,ru
159259410,en
620328888,es
103498719,en
499575094,en
42297683,en
109696261,en
66050096,tr
138883042,en
413623507,en
89577790,en
48509535,en
58617863,de
100197001,pt-br
157025835,pt-br
46708638,pt-br
71758288,en
269637140,es
452152341,en
164969364,en
419262873,zh-tw
42023073,en
118344827,es
460417343,pt-br
138034808,en
233024443,en
493039803,en
52093580,de
454844399,en
73022012,en
174984146,en
512234006,en
193785576,ko
46005422,ko
120198135,ru
170665523,ko
32239862,en
525071617,en
109859862,en
191531784,en
493797901,en
60155821,en
400063210,en
198677654,en
280234057,en
471972656,en
276472653,en
125507274,de
72504276,en
122147688,fr
40301856,en
192256962,en
63238352,en
46615641,pt-br
417144407,ru
152597237,ko
264858004,fr
44595372,fr
210771571,es
50038708,en
495173501,ru
97570759,en
470599511,en
41942091,en
19683544,en
54894099,en
153802233,de
24385207,en
507429005,en
114180363,en
143578581,de
56114697,en
95527262,fr
184850198,en
54164709,pt-br
620278741,en
502430815,en
59503890,fr
23308993,ru
581769355,en
138777278,ko
218950114,en
61326873,en
65833588,en
140851952,en
242707422,en
651170218,en
177329360,ko
57763130,en
30173897,en
109556210,en
125314259,ko
93589410,en
646743237,fr
259922200,en
194637276,ru
522815466,en
138536529,ko
72793250,de
245996676,en
174147662,en
71507789,en
104690726,ru
508992778,en
179739651,it
401822139,ko
465987079,ko
81412437,de
157723094,es
429586615,en
109250560,en
515567425,en
126884070,de
47862305,fr
143298328,ko
609507618,en
475566892,en
192200166,ko
40965449,en
491625140,fr
234257334,de
407144557,de
104391402,en
108237455,fr
659865842,en
502776632,de
180702956,en
28029009,en
39489688,en
76320055,en
99246707,ru
53999900,ru
205896375,es
74493987,fr
424757504,ru
505955525,de
415946653,fr
645455470,en
499493444,en
90020006,en
667771915,en
505757613,ru
146933532,en
555713070,en
24643779,en
168679147,es
36108496,de
163790744,en
35758713,en
463861146,ru
656190769,en
78701842,en
65863839,ru
18837809,en
194407709,ru
482917790,de
31582993,en
269190323,en
101201535,fr
416460717,it
27627583,es
273322572,ru
93034725,es
13698772,en
10207853,en
121649330,en
161742641,es
622745408,it
256046222,es
88824973,es
496330533,ru
113819437,it
672272413,it
541080286,fr